stimulation_uid,headstage_type,electrode_location,experiment_start_time,experiment_name,animal_id,block_name,sampling_frequency,stimulation_time,pulse_frequency,train_frequency,stimulation_duration,stimulation_amplitude_a,stimulation_amplitude_b,stimulation_pulse_width_a,stimulation_pulse_width_b,stimulation_gap,stimulation_synchronicity,stimulation_type,stimulation_channel_order
1479482068.386000,RA16Z_CH,R_HPC,1479482066.919000,bayesian_optimization_sfa_maximize_delta_power_CA1DEBUG,048,TempBlk,2.441406e+04,2.126930,223.042244,0.000000,1.000000,0.972982,0.972982,0.000041,0.000041,0.000000,1.000000,synchronous,1|3|5|7|10|12|14|16
1479482072.317000,RA16Z_CH,R_HPC,1479482066.919000,bayesian_optimization_sfa_maximize_delta_power_CA1DEBUG,048,TempBlk,2.441406e+04,6.074450,29.159131,0.000000,1.000000,1.500862,1.500862,0.000041,0.000041,0.000000,1.000000,synchronous,1|3|5|7|10|12|14|16
1479482076.388000,RA16Z_CH,R_HPC,1479482066.919000,bayesian_optimization_sfa_maximize_delta_power_CA1DEBUG,048,TempBlk,2.441406e+04,10.114908,159.999386,0.000000,1.000000,0.000000,0.000000,0.000041,0.000041,0.000000,1.000000,synchronous,1|3|5|7|10|12|14|16
1479482080.398000,RA16Z_CH,R_HPC,1479482066.919000,bayesian_optimization_sfa_maximize_delta_power_CA1DEBUG,048,TempBlk,2.441406e+04,14.153605,244.598430,0.000000,1.000000,0.000000,0.000000,0.000041,0.000041,0.000000,1.000000,synchronous,1|3|5|7|10|12|14|16
1479482084.362000,RA16Z_CH,R_HPC,1479482066.919000,bayesian_optimization_sfa_maximize_delta_power_CA1DEBUG,048,TempBlk,2.441406e+04,18.088632,214.943451,0.000000,1.000000,0.000000,0.000000,0.000041,0.000041,0.000000,1.000000,synchronous,1|3|5|7|10|12|14|16
1479482088.324000,RA16Z_CH,R_HPC,1479482066.919000,bayesian_optimization_sfa_maximize_delta_power_CA1DEBUG,048,TempBlk,2.441406e+04,22.064824,78.844709,0.000000,1.000000,0.622299,0.622299,0.000041,0.000041,0.000000,1.000000,synchronous,1|3|5|7|10|12|14|16
1479482092.380000,RA16Z_CH,R_HPC,1479482066.919000,bayesian_optimization_sfa_maximize_delta_power_CA1DEBUG,048,TempBlk,2.441406e+04,26.113966,206.845416,0.000000,1.000000,0.124655,0.124655,0.000041,0.000041,0.000000,1.000000,synchronous,1|3|5|7|10|12|14|16
1479482096.421000,RA16Z_CH,R_HPC,1479482066.919000,bayesian_optimization_sfa_maximize_delta_power_CA1DEBUG,048,TempBlk,2.441406e+04,30.166794,293.267672,0.000000,1.000000,1.866712,1.866712,0.000041,0.000041,0.000000,1.000000,synchronous,1|3|5|7|10|12|14|16
1479482100.399000,RA16Z_CH,R_HPC,1479482066.919000,bayesian_optimization_sfa_maximize_delta_power_CA1DEBUG,048,TempBlk,2.441406e+04,34.134344,263.730983,0.000000,1.000000,0.000000,0.000000,0.000041,0.000041,0.000000,1.000000,synchronous,1|3|5|7|10|12|14|16
1479482104.330000,RA16Z_CH,R_HPC,1479482066.919000,bayesian_optimization_sfa_maximize_delta_power_CA1DEBUG,048,TempBlk,2.441406e+04,38.085673,30.924660,0.000000,1.000000,1.152803,1.152803,0.000041,0.000041,0.000000,1.000000,synchronous,1|3|5|7|10|12|14|16
1479482108.402000,RA16Z_CH,R_HPC,1479482066.919000,bayesian_optimization_sfa_maximize_delta_power_CA1DEBUG,048,TempBlk,2.441406e+04,42.125025,161.380117,0.000000,1.000000,0.468457,0.468457,0.000041,0.000041,0.000000,1.000000,synchronous,1|3|5|7|10|12|14|16
1479482112.395000,RA16Z_CH,R_HPC,1479482066.919000,bayesian_optimization_sfa_maximize_delta_power_CA1DEBUG,048,TempBlk,2.441406e+04,46.136033,219.115475,0.000000,1.000000,0.000000,0.000000,0.000041,0.000041,0.000000,1.000000,synchronous,1|3|5|7|10|12|14|16
1479482116.295000,RA16Z_CH,R_HPC,1479482066.919000,bayesian_optimization_sfa_maximize_delta_power_CA1DEBUG,048,TempBlk,2.441406e+04,50.064220,64.529804,0.000000,1.000000,1.976612,1.976612,0.000041,0.000041,0.000000,1.000000,synchronous,1|3|5|7|10|12|14|16
1479482120.398000,RA16Z_CH,R_HPC,1479482066.919000,bayesian_optimization_sfa_maximize_delta_power_CA1DEBUG,048,TempBlk,2.441406e+04,54.124749,241.147019,0.000000,1.000000,0.131214,0.131214,0.000041,0.000041,0.000000,1.000000,synchronous,1|3|5|7|10|12|14|16
1479482124.298000,RA16Z_CH,R_HPC,1479482066.919000,bayesian_optimization_sfa_maximize_delta_power_CA1DEBUG,048,TempBlk,2.441406e+04,58.047242,31.101210,0.000000,1.000000,2.365022,2.365022,0.000041,0.000041,0.000000,1.000000,synchronous,1|3|5|7|10|12|14|16
1479482128.385000,RA16Z_CH,R_HPC,1479482066.919000,bayesian_optimization_sfa_maximize_delta_power_CA1DEBUG,048,TempBlk,2.441406e+04,62.106542,186.011455,0.000000,1.000000,0.000000,0.000000,0.000041,0.000041,0.000000,1.000000,synchronous,1|3|5|7|10|12|14|16
1479482132.409000,RA16Z_CH,R_HPC,1479482066.919000,bayesian_optimization_sfa_maximize_delta_power_CA1DEBUG,048,TempBlk,2.441406e+04,66.133402,255.781764,0.000000,1.000000,0.000000,0.000000,0.000041,0.000041,0.000000,1.000000,synchronous,1|3|5|7|10|12|14|16
1479482136.341000,RA16Z_CH,R_HPC,1479482066.919000,bayesian_optimization_sfa_maximize_delta_power_CA1DEBUG,048,TempBlk,2.441406e+04,70.068511,188.227864,0.000000,1.000000,0.926214,0.926214,0.000041,0.000041,0.000000,1.000000,synchronous,1|3|5|7|10|12|14|16
1479482140.443000,RA16Z_CH,R_HPC,1479482066.919000,bayesian_optimization_sfa_maximize_delta_power_CA1DEBUG,048,TempBlk,2.441406e+04,74.198221,297.191320,0.000000,1.000000,0.000000,0.000000,0.000041,0.000041,0.000000,1.000000,synchronous,1|3|5|7|10|12|14|16
1479482144.421000,RA16Z_CH,R_HPC,1479482066.919000,bayesian_optimization_sfa_maximize_delta_power_CA1DEBUG,048,TempBlk,2.441406e+04,78.145823,210.184332,0.000000,1.000000,0.000000,0.000000,0.000041,0.000041,0.000000,1.000000,synchronous,1|3|5|7|10|12|14|16
1479482158.699000,RA16Z_CH,R_HPC,1479482066.919000,bayesian_optimization_sfa_maximize_delta_power_CA1DEBUG,048,TempBlk,2.441406e+04,92.438446,254.573620,0.000000,1.000000,0.000000,0.000000,0.000041,0.000041,0.000000,1.000000,synchronous,1|3|5|7|10|12|14|16
1479482169.371000,RA16Z_CH,R_HPC,1479482066.919000,bayesian_optimization_sfa_maximize_delta_power_CA1DEBUG,048,TempBlk,2.441406e+04,103.115940,190.250291,0.000000,1.000000,0.000000,0.000000,0.000041,0.000041,0.000000,1.000000,synchronous,1|3|5|7|10|12|14|16
1479482180.260000,RA16Z_CH,R_HPC,1479482066.919000,bayesian_optimization_sfa_maximize_delta_power_CA1DEBUG,048,TempBlk,2.441406e+04,113.975788,165.991794,0.000000,1.000000,0.000000,0.000000,0.000041,0.000041,0.000000,1.000000,synchronous,1|3|5|7|10|12|14|16
1479482191.882000,RA16Z_CH,R_HPC,1479482066.919000,bayesian_optimization_sfa_maximize_delta_power_CA1DEBUG,048,TempBlk,2.441406e+04,125.651026,185.474189,0.000000,1.000000,0.000000,0.000000,0.000041,0.000041,0.000000,1.000000,synchronous,1|3|5|7|10|12|14|16
1479482202.256000,RA16Z_CH,R_HPC,1479482066.919000,bayesian_optimization_sfa_maximize_delta_power_CA1DEBUG,048,TempBlk,2.441406e+04,135.999939,191.732149,0.000000,1.000000,2.191505,2.191505,0.000041,0.000041,0.000000,1.000000,synchronous,1|3|5|7|10|12|14|16
1479482212.998000,RA16Z_CH,R_HPC,1479482066.919000,bayesian_optimization_sfa_maximize_delta_power_CA1DEBUG,048,TempBlk,2.441406e+04,146.730680,191.758807,0.000000,1.000000,2.179562,2.179562,0.000041,0.000041,0.000000,1.000000,synchronous,1|3|5|7|10|12|14|16
1479482224.401000,RA16Z_CH,R_HPC,1479482066.919000,bayesian_optimization_sfa_maximize_delta_power_CA1DEBUG,048,TempBlk,2.441406e+04,158.114488,190.317879,0.000000,1.000000,0.000000,0.000000,0.000041,0.000041,0.000000,1.000000,synchronous,1|3|5|7|10|12|14|16
1479482236.351000,RA16Z_CH,R_HPC,1479482066.919000,bayesian_optimization_sfa_maximize_delta_power_CA1DEBUG,048,TempBlk,2.441406e+04,170.105528,192.802540,0.000000,1.000000,2.352964,2.352964,0.000041,0.000041,0.000000,1.000000,synchronous,1|3|5|7|10|12|14|16
1479482248.410000,RA16Z_CH,R_HPC,1479482066.919000,bayesian_optimization_sfa_maximize_delta_power_CA1DEBUG,048,TempBlk,2.441406e+04,182.131630,192.838437,0.000000,1.000000,0.000000,0.000000,0.000041,0.000041,0.000000,1.000000,synchronous,1|3|5|7|10|12|14|16
1479482258.590000,RA16Z_CH,R_HPC,1479482066.919000,bayesian_optimization_sfa_maximize_delta_power_CA1DEBUG,048,TempBlk,2.441406e+04,192.316375,191.138285,0.000000,1.000000,0.000000,0.000000,0.000041,0.000041,0.000000,1.000000,synchronous,1|3|5|7|10|12|14|16
1479482269.510000,RA16Z_CH,R_HPC,1479482066.919000,bayesian_optimization_sfa_maximize_delta_power_CA1DEBUG,048,TempBlk,2.441406e+04,203.259740,184.717436,0.000000,1.000000,0.000000,0.000000,0.000041,0.000041,0.000000,1.000000,synchronous,1|3|5|7|10|12|14|16
1479482279.884000,RA16Z_CH,R_HPC,1479482066.919000,bayesian_optimization_sfa_maximize_delta_power_CA1DEBUG,048,TempBlk,2.441406e+04,213.633311,180.557358,0.000000,1.000000,0.000000,0.000000,0.000041,0.000041,0.000000,1.000000,synchronous,1|3|5|7|10|12|14|16
1479482291.537000,RA16Z_CH,R_HPC,1479482066.919000,bayesian_optimization_sfa_maximize_delta_power_CA1DEBUG,048,TempBlk,2.441406e+04,225.250714,190.487580,0.000000,1.000000,0.000000,0.000000,0.000041,0.000041,0.000000,1.000000,synchronous,1|3|5|7|10|12|14|16
1479482301.788000,RA16Z_CH,R_HPC,1479482066.919000,bayesian_optimization_sfa_maximize_delta_power_CA1DEBUG,048,TempBlk,2.441406e+04,235.511194,202.713327,0.000000,1.000000,0.000000,0.000000,0.000041,0.000041,0.000000,1.000000,synchronous,1|3|5|7|10|12|14|16
1479482313.114000,RA16Z_CH,R_HPC,1479482066.919000,bayesian_optimization_sfa_maximize_delta_power_CA1DEBUG,048,TempBlk,2.441406e+04,246.851379,206.195657,0.000000,1.000000,0.000000,0.000000,0.000041,0.000041,0.000000,1.000000,synchronous,1|3|5|7|10|12|14|16
1479482324.174000,RA16Z_CH,R_HPC,1479482066.919000,bayesian_optimization_sfa_maximize_delta_power_CA1DEBUG,048,TempBlk,2.441406e+04,257.895137,207.081834,0.000000,1.000000,0.000000,0.000000,0.000041,0.000041,0.000000,1.000000,synchronous,1|3|5|7|10|12|14|16
1479482335.391000,RA16Z_CH,R_HPC,1479482066.919000,bayesian_optimization_sfa_maximize_delta_power_CA1DEBUG,048,TempBlk,2.441406e+04,269.141975,214.487863,0.000000,1.000000,0.000000,0.000000,0.000041,0.000041,0.000000,1.000000,synchronous,1|3|5|7|10|12|14|16
1479482346.687000,RA16Z_CH,R_HPC,1479482066.919000,bayesian_optimization_sfa_maximize_delta_power_CA1DEBUG,048,TempBlk,2.441406e+04,280.408187,204.236942,0.000000,1.000000,0.000000,0.000000,0.000041,0.000041,0.000000,1.000000,synchronous,1|3|5|7|10|12|14|16
1479482357.202000,RA16Z_CH,R_HPC,1479482066.919000,bayesian_optimization_sfa_maximize_delta_power_CA1DEBUG,048,TempBlk,2.441406e+04,290.926387,204.681014,0.000000,1.000000,0.000000,0.000000,0.000041,0.000041,0.000000,1.000000,synchronous,1|3|5|7|10|12|14|16
1479482368.106000,RA16Z_CH,R_HPC,1479482066.919000,bayesian_optimization_sfa_maximize_delta_power_CA1DEBUG,048,TempBlk,2.441406e+04,301.848084,197.392042,0.000000,1.000000,0.000000,0.000000,0.000041,0.000041,0.000000,1.000000,synchronous,1|3|5|7|10|12|14|16
1479482378.449000,RA16Z_CH,R_HPC,1479482066.919000,bayesian_optimization_sfa_maximize_delta_power_CA1DEBUG,048,TempBlk,2.441406e+04,312.172093,196.695210,0.000000,1.000000,0.000000,0.000000,0.000041,0.000041,0.000000,1.000000,synchronous,1|3|5|7|10|12|14|16
1479482386.742000,RA16Z_CH,R_HPC,1479482066.919000,bayesian_optimization_sfa_maximize_delta_power_CA1DEBUG,048,TempBlk,2.441406e+04,320.453591,93.953677,0.000000,1.000000,0.000000,0.000000,0.000041,0.000041,0.000000,1.000000,synchronous,1|3|5|7|10|12|14|16
1479482395.478000,RA16Z_CH,R_HPC,1479482066.919000,bayesian_optimization_sfa_maximize_delta_power_CA1DEBUG,048,TempBlk,2.441406e+04,329.206743,29.159131,0.000000,1.000000,0.000000,0.000000,0.000041,0.000041,0.000000,1.000000,synchronous,1|3|5|7|10|12|14|16
1479482404.042000,RA16Z_CH,R_HPC,1479482066.919000,bayesian_optimization_sfa_maximize_delta_power_CA1DEBUG,048,TempBlk,2.441406e+04,337.797980,158.494740,0.000000,1.000000,0.000000,0.000000,0.000041,0.000041,0.000000,1.000000,synchronous,1|3|5|7|10|12|14|16
1479482412.622000,RA16Z_CH,R_HPC,1479482066.919000,bayesian_optimization_sfa_maximize_delta_power_CA1DEBUG,048,TempBlk,2.441406e+04,346.341704,204.692377,0.000000,1.000000,0.000000,0.000000,0.000041,0.000041,0.000000,1.000000,synchronous,1|3|5|7|10|12|14|16
1479482421.654000,RA16Z_CH,R_HPC,1479482066.919000,bayesian_optimization_sfa_maximize_delta_power_CA1DEBUG,048,TempBlk,2.441406e+04,355.389727,197.716897,0.000000,1.000000,0.000000,0.000000,0.000041,0.000041,0.000000,1.000000,synchronous,1|3|5|7|10|12|14|16
1479482431.070000,RA16Z_CH,R_HPC,1479482066.919000,bayesian_optimization_sfa_maximize_delta_power_CA1DEBUG,048,TempBlk,2.441406e+04,364.798034,170.205704,0.000000,1.000000,0.000000,0.000000,0.000041,0.000041,0.000000,1.000000,synchronous,1|3|5|7|10|12|14|16
1479482440.570000,RA16Z_CH,R_HPC,1479482066.919000,bayesian_optimization_sfa_maximize_delta_power_CA1DEBUG,048,TempBlk,2.441406e+04,374.298378,29.159131,0.000000,1.000000,0.000000,0.000000,0.000041,0.000041,0.000000,1.000000,synchronous,1|3|5|7|10|12|14|16
1479482450.024000,RA16Z_CH,R_HPC,1479482066.919000,bayesian_optimization_sfa_maximize_delta_power_CA1DEBUG,048,TempBlk,2.441406e+04,383.770051,182.686120,0.000000,1.000000,0.000000,0.000000,0.000041,0.000041,0.000000,1.000000,synchronous,1|3|5|7|10|12|14|16
1479482459.243000,RA16Z_CH,R_HPC,1479482066.919000,bayesian_optimization_sfa_maximize_delta_power_CA1DEBUG,048,TempBlk,2.441406e+04,392.986460,29.159131,0.000000,1.000000,0.000000,0.000000,0.000041,0.000041,0.000000,1.000000,synchronous,1|3|5|7|10|12|14|16
1479482469.002000,RA16Z_CH,R_HPC,1479482066.919000,bayesian_optimization_sfa_maximize_delta_power_CA1DEBUG,048,TempBlk,2.441406e+04,402.708480,29.159131,0.000000,1.000000,0.000000,0.000000,0.000041,0.000041,0.000000,1.000000,synchronous,1|3|5|7|10|12|14|16
1479482479.049000,RA16Z_CH,R_HPC,1479482066.919000,bayesian_optimization_sfa_maximize_delta_power_CA1DEBUG,048,TempBlk,2.441406e+04,412.756132,193.636549,0.000000,1.000000,2.182528,2.182528,0.000041,0.000041,0.000000,1.000000,synchronous,1|3|5|7|10|12|14|16
1479482488.783000,RA16Z_CH,R_HPC,1479482066.919000,bayesian_optimization_sfa_maximize_delta_power_CA1DEBUG,048,TempBlk,2.441406e+04,422.537912,190.969196,0.000000,1.000000,0.000000,0.000000,0.000041,0.000041,0.000000,1.000000,synchronous,1|3|5|7|10|12|14|16
1479482498.190000,RA16Z_CH,R_HPC,1479482066.919000,bayesian_optimization_sfa_maximize_delta_power_CA1DEBUG,048,TempBlk,2.441406e+04,431.938847,173.189483,0.000000,1.000000,0.000000,0.000000,0.000041,0.000041,0.000000,1.000000,synchronous,1|3|5|7|10|12|14|16
1479482508.129000,RA16Z_CH,R_HPC,1479482066.919000,bayesian_optimization_sfa_maximize_delta_power_CA1DEBUG,048,TempBlk,2.441406e+04,441.894216,29.159131,0.000000,1.000000,0.000000,0.000000,0.000041,0.000041,0.000000,1.000000,synchronous,1|3|5|7|10|12|14|16
1479482518.254000,RA16Z_CH,R_HPC,1479482066.919000,bayesian_optimization_sfa_maximize_delta_power_CA1DEBUG,048,TempBlk,2.441406e+04,451.960545,205.100880,0.000000,1.000000,0.000000,0.000000,0.000041,0.000041,0.000000,1.000000,synchronous,1|3|5|7|10|12|14|16
1479482528.175000,RA16Z_CH,R_HPC,1479482066.919000,bayesian_optimization_sfa_maximize_delta_power_CA1DEBUG,048,TempBlk,2.441406e+04,461.902561,29.159131,0.000000,1.000000,0.000000,0.000000,0.000041,0.000041,0.000000,1.000000,synchronous,1|3|5|7|10|12|14|16
1479482538.409000,RA16Z_CH,R_HPC,1479482066.919000,bayesian_optimization_sfa_maximize_delta_power_CA1DEBUG,048,TempBlk,2.441406e+04,472.135926,171.189215,0.000000,1.000000,0.000000,0.000000,0.000041,0.000041,0.000000,1.000000,synchronous,1|3|5|7|10|12|14|16
1479482547.706000,RA16Z_CH,R_HPC,1479482066.919000,bayesian_optimization_sfa_maximize_delta_power_CA1DEBUG,048,TempBlk,2.441406e+04,481.426514,186.520489,0.000000,1.000000,0.000000,0.000000,0.000041,0.000041,0.000000,1.000000,synchronous,1|3|5|7|10|12|14|16
1479482557.287000,RA16Z_CH,R_HPC,1479482066.919000,bayesian_optimization_sfa_maximize_delta_power_CA1DEBUG,048,TempBlk,2.441406e+04,491.035116,29.159131,0.000000,1.000000,0.000000,0.000000,0.000041,0.000041,0.000000,1.000000,synchronous,1|3|5|7|10|12|14|16
1479482567.271000,RA16Z_CH,R_HPC,1479482066.919000,bayesian_optimization_sfa_maximize_delta_power_CA1DEBUG,048,TempBlk,2.441406e+04,500.996710,29.159131,0.000000,1.000000,0.000000,0.000000,0.000041,0.000041,0.000000,1.000000,synchronous,1|3|5|7|10|12|14|16
1479482577.224000,RA16Z_CH,R_HPC,1479482066.919000,bayesian_optimization_sfa_maximize_delta_power_CA1DEBUG,048,TempBlk,2.441406e+04,510.959780,29.159131,0.000000,1.000000,0.000000,0.000000,0.000041,0.000041,0.000000,1.000000,synchronous,1|3|5|7|10|12|14|16
1479482587.395000,RA16Z_CH,R_HPC,1479482066.919000,bayesian_optimization_sfa_maximize_delta_power_CA1DEBUG,048,TempBlk,2.441406e+04,521.147843,29.159131,0.000000,1.000000,0.000000,0.000000,0.000041,0.000041,0.000000,1.000000,synchronous,1|3|5|7|10|12|14|16
1479482597.516000,RA16Z_CH,R_HPC,1479482066.919000,bayesian_optimization_sfa_maximize_delta_power_CA1DEBUG,048,TempBlk,2.441406e+04,531.235717,29.159131,0.000000,1.000000,0.000000,0.000000,0.000041,0.000041,0.000000,1.000000,synchronous,1|3|5|7|10|12|14|16
1479482607.406000,RA16Z_CH,R_HPC,1479482066.919000,bayesian_optimization_sfa_maximize_delta_power_CA1DEBUG,048,TempBlk,2.441406e+04,541.154140,29.159131,0.000000,1.000000,0.000000,0.000000,0.000041,0.000041,0.000000,1.000000,synchronous,1|3|5|7|10|12|14|16
1479482618.981000,RA16Z_CH,R_HPC,1479482066.919000,bayesian_optimization_sfa_maximize_delta_power_CA1DEBUG,048,TempBlk,2.441406e+04,552.728781,198.728021,0.000000,1.000000,0.000000,0.000000,0.000041,0.000041,0.000000,1.000000,synchronous,1|3|5|7|10|12|14|16
1479482628.232000,RA16Z_CH,R_HPC,1479482066.919000,bayesian_optimization_sfa_maximize_delta_power_CA1DEBUG,048,TempBlk,2.441406e+04,561.991066,29.159131,0.000000,1.000000,0.000000,0.000000,0.000041,0.000041,0.000000,1.000000,synchronous,1|3|5|7|10|12|14|16
1479482638.709000,RA16Z_CH,R_HPC,1479482066.919000,bayesian_optimization_sfa_maximize_delta_power_CA1DEBUG,048,TempBlk,2.441406e+04,572.468265,29.159131,0.000000,1.000000,0.000000,0.000000,0.000041,0.000041,0.000000,1.000000,synchronous,1|3|5|7|10|12|14|16
1479482648.381000,RA16Z_CH,R_HPC,1479482066.919000,bayesian_optimization_sfa_maximize_delta_power_CA1DEBUG,048,TempBlk,2.441406e+04,582.144287,29.159131,0.000000,1.000000,0.000000,0.000000,0.000041,0.000041,0.000000,1.000000,synchronous,1|3|5|7|10|12|14|16
1479482658.412000,RA16Z_CH,R_HPC,1479482066.919000,bayesian_optimization_sfa_maximize_delta_power_CA1DEBUG,048,TempBlk,2.441406e+04,592.143237,29.159131,0.000000,1.000000,0.000000,0.000000,0.000041,0.000041,0.000000,1.000000,synchronous,1|3|5|7|10|12|14|16
1479482668.131000,RA16Z_CH,R_HPC,1479482066.919000,bayesian_optimization_sfa_maximize_delta_power_CA1DEBUG,048,TempBlk,2.441406e+04,601.855672,240.073732,0.000000,1.000000,0.000000,0.000000,0.000041,0.000041,0.000000,1.000000,synchronous,1|3|5|7|10|12|14|16
1479482678.264000,RA16Z_CH,R_HPC,1479482066.919000,bayesian_optimization_sfa_maximize_delta_power_CA1DEBUG,048,TempBlk,2.441406e+04,612.026450,29.159131,0.000000,1.000000,0.000000,0.000000,0.000041,0.000041,0.000000,1.000000,synchronous,1|3|5|7|10|12|14|16
1479482689.262000,RA16Z_CH,R_HPC,1479482066.919000,bayesian_optimization_sfa_maximize_delta_power_CA1DEBUG,048,TempBlk,2.441406e+04,622.971085,135.152049,0.000000,1.000000,0.000000,0.000000,0.000041,0.000041,0.000000,1.000000,synchronous,1|3|5|7|10|12|14|16
1479482699.558000,RA16Z_CH,R_HPC,1479482066.919000,bayesian_optimization_sfa_maximize_delta_power_CA1DEBUG,048,TempBlk,2.441406e+04,633.303532,29.159131,0.000000,1.000000,0.000000,0.000000,0.000041,0.000041,0.000000,1.000000,synchronous,1|3|5|7|10|12|14|16
1479482709.620000,RA16Z_CH,R_HPC,1479482066.919000,bayesian_optimization_sfa_maximize_delta_power_CA1DEBUG,048,TempBlk,2.441406e+04,643.350856,222.680988,0.000000,1.000000,0.000000,0.000000,0.000041,0.000041,0.000000,1.000000,synchronous,1|3|5|7|10|12|14|16
1479482720.308000,RA16Z_CH,R_HPC,1479482066.919000,bayesian_optimization_sfa_maximize_delta_power_CA1DEBUG,048,TempBlk,2.441406e+04,654.050632,219.486883,0.000000,1.000000,0.000000,0.000000,0.000041,0.000041,0.000000,1.000000,synchronous,1|3|5|7|10|12|14|16
1479482730.402000,RA16Z_CH,R_HPC,1479482066.919000,bayesian_optimization_sfa_maximize_delta_power_CA1DEBUG,048,TempBlk,2.441406e+04,664.125399,29.162257,0.000000,1.000000,2.308483,2.308483,0.000041,0.000041,0.000000,1.000000,synchronous,1|3|5|7|10|12|14|16
1479482740.495000,RA16Z_CH,R_HPC,1479482066.919000,bayesian_optimization_sfa_maximize_delta_power_CA1DEBUG,048,TempBlk,2.441406e+04,674.206474,29.159131,0.000000,1.000000,0.000000,0.000000,0.000041,0.000041,0.000000,1.000000,synchronous,1|3|5|7|10|12|14|16
1479482750.182000,RA16Z_CH,R_HPC,1479482066.919000,bayesian_optimization_sfa_maximize_delta_power_CA1DEBUG,048,TempBlk,2.441406e+04,683.905966,51.722498,0.000000,1.000000,2.331137,2.331137,0.000041,0.000041,0.000000,1.000000,synchronous,1|3|5|7|10|12|14|16
1479482760.307000,RA16Z_CH,R_HPC,1479482066.919000,bayesian_optimization_sfa_maximize_delta_power_CA1DEBUG,048,TempBlk,2.441406e+04,694.032507,202.885991,0.000000,1.000000,0.000000,0.000000,0.000041,0.000041,0.000000,1.000000,synchronous,1|3|5|7|10|12|14|16
1479482770.854000,RA16Z_CH,R_HPC,1479482066.919000,bayesian_optimization_sfa_maximize_delta_power_CA1DEBUG,048,TempBlk,2.441406e+04,704.604242,29.159131,0.000000,1.000000,0.000000,0.000000,0.000041,0.000041,0.000000,1.000000,synchronous,1|3|5|7|10|12|14|16
1479482780.604000,RA16Z_CH,R_HPC,1479482066.919000,bayesian_optimization_sfa_maximize_delta_power_CA1DEBUG,048,TempBlk,2.441406e+04,714.342195,29.159131,0.000000,1.000000,0.000000,0.000000,0.000041,0.000041,0.000000,1.000000,synchronous,1|3|5|7|10|12|14|16
1479482791.119000,RA16Z_CH,R_HPC,1479482066.919000,bayesian_optimization_sfa_maximize_delta_power_CA1DEBUG,048,TempBlk,2.441406e+04,724.829348,186.175181,0.000000,1.000000,0.000000,0.000000,0.000041,0.000041,0.000000,1.000000,synchronous,1|3|5|7|10|12|14|16
