stimulation_uid,headstage_type,electrode_location,experiment_start_time,experiment_name,animal_id,block_name,sampling_frequency,stimulation_time,pulse_frequency,train_frequency,stimulation_duration,stimulation_amplitude_a,stimulation_amplitude_b,stimulation_pulse_width_a,stimulation_pulse_width_b,stimulation_gap,stimulation_synchronicity,stimulation_type,stimulation_channel_order
1479482027.002000,RA16Z_CH,R_HPC,1479482025.442000,bayesian_optimization_sfa_maximize_delta_power_CA1DEBUG,048,TempBlk,2.441406e+04,2.183168,77.636116,0.000000,1.000000,0.000000,0.000000,0.000041,0.000041,0.000000,1.000000,synchronous,1|3|5|7|10|12|14|16
1479482031.058000,RA16Z_CH,R_HPC,1479482025.442000,bayesian_optimization_sfa_maximize_delta_power_CA1DEBUG,048,TempBlk,2.441406e+04,6.216376,266.025132,0.000000,1.000000,0.000000,0.000000,0.000041,0.000041,0.000000,1.000000,synchronous,1|3|5|7|10|12|14|16
1479482034.958000,RA16Z_CH,R_HPC,1479482025.442000,bayesian_optimization_sfa_maximize_delta_power_CA1DEBUG,048,TempBlk,2.441406e+04,10.135716,56.936625,0.000000,1.000000,0.000000,0.000000,0.000041,0.000041,0.000000,1.000000,synchronous,1|3|5|7|10|12|14|16
1479482039.045000,RA16Z_CH,R_HPC,1479482025.442000,bayesian_optimization_sfa_maximize_delta_power_CA1DEBUG,048,TempBlk,2.441406e+04,14.185554,274.301974,0.000000,1.000000,0.000000,0.000000,0.000041,0.000041,0.000000,1.000000,synchronous,1|3|5|7|10|12|14|16
